ndinse0@squarespace.com,Dinse,RYWUFl0O,483209
rcullabine1@mit.edu,Cullabine,y5DRwipPhQI,234723
echarkham2@ox.ac.uk,Charkham,baqjSl,119391
mpitceathly3@behance.net,Pitceathly,wQmp7SF4Gwre,958742
dhubatsch4@yolasite.com,Hubatsch,zkpdrM5t33,38542
brickhuss5@mapy.cz,Rickhuss,v5eFzTxMS5z,90505
vjorczyk6@cbc.ca,Jorczyk,qBCxQVxXxBTm,284132
hovey7@google.com.au,Ovey,Y5i7Vpe7OlS2,84903
sdonke8@joomla.org,Donke,AA8f2lQ,45809
jfrankowski9@blogger.com,Frankowski,jJ1fec,1706
atoppera@cafepress.com,Topper,0X0skS5UeK,810
cscreaseb@senate.gov,Screase,VU81jfOAUu,2436
rbasilioc@sphinn.com,Basilio,yk8hh2e,234
hkiernand@jugem.jp,Kiernan,srHGXhFg36d,630571
droadknighte@oaic.gov.au,Roadknight,5jEiz11RayrD,1618
bfultonf@tiny.cc,Fulton,t5egX12,2020
lpaceyg@bloomberg.com,Pacey,CyJRfSTFR,694243
dhammondsh@dedecms.com,Hammonds,8YoGysR,3287493
adinnagei@economist.com,Dinnage,IMyxgH,5487584
lphilipsohnj@arizona.edu,Philipsohn,sIKc2AYHl,978533
sbalassak@intel.com,Balassa,GXdfJhMP,47851132
bkenninghaml@google.fr,Kenningham,EfgloJG9q,232933
ebathamm@msn.com,Batham,4agvOZO,452155
kpeakn@adobe.com,Peak,UWGsQdzEb3DT,1353340
jmctrusteyo@last.fm,McTrustey,RJfrBn,53140
aaughtonp@yellowbook.com,Aughton,qaeI25Te4p,446017
ggarattyq@kickstarter.com,Garatty,G2kk1rp3lfcC,213224
lmilthorper@nifty.com,Milthorpe,IW9nhMe,2495555
scossems@apache.org,Cossem,gpz78o2amRl,231324
astudmant@vk.com,Studman,XJlVOxvmWG,233434
hcammiemileu@instagram.com,Cammiemile,RDxb2LMlSbk2,312974
ggrindlayv@squidoo.com,Grindlay,SFKg4sevi,31249749
rjewsonw@thetimes.co.uk,Jewson,I9ffGW7,352585
kvigrassx@squidoo.com,Vigrass,efpIWNxeW,303211
kbransomy@google.es,Bransom,0EgBSuMW,468800
rhavilez@dyndns.org,Havile,VWvmRyR,5442301
gsorrel10@ted.com,Sorrel,MfzcyMWdPeW,8695
rsoars11@reuters.com,Soars,KYNojA4,73173
kbudgeon12@digg.com,Budgeon,VnD1Ad,3249327
kshoebotham13@techcrunch.com,Shoebotham,zLdPeFQ,234834
bsimonsen14@prlog.org,Simonsen,tqZPG57NncPq,34972
sshakelade15@woothemes.com,Shakelade,uCCB2Vn,3294083
fandre16@geocities.jp,Andre,pD3OiL3,238703
gtompkinson17@diigo.com,Tompkinson,el4SbD7,33423415
kpalfreeman18@state.gov,Palfreeman,eK7F8aTbZ,33436
omatusov19@cargocollective.com,Matusov,9FAWGmgL,2384932
bcunniffe1a@buzzfeed.com,Cunniffe,8rn21F,423487
ubastiman1b@senate.gov,Bastiman,Ie487Mf,943843
mizkovitch1c@yolasite.com,Izkovitch,C7lok87,4329483
dcowsby1d@omniture.com,Cowsby,7K548I3gb7w,92004234
